3,360 chair for VRChat,iffn,SDK3,A script that allows desktop players to turn 180Â° in either direction. Especially usefull in vehicles.,https://github.com/iffn/iffns360ChairForVRChat,5/14/2023 14:43:39,iffn,,,,,,,,,,,
4,Templars Bezier Builder,TWKTemplar,SDK3,Build Bezier Curves in Unity + API for requesting positions on the points,https://twktemplar.booth.pm/items/4784772,5/17/2023 14:27:46,TWKTemplar,UdonSharp Required,https://imgur.com/6Vdj6pY,,,,,,,,,
5,Instance Version Verifier,Applz,3,A simple script that can check the instance version against other players who join. This means you can verify that the instance is the most up to date version compared to what the VRChat servers hold! - If the instance version is a mismatch it'll set an object of your choosing to active!,https://drive.google.com/file/d/1f7hVXXi3Yrya-fE6SGxZ3d-eez7tXrN9/view?usp=sharing,5/29/2023 20:55:43,Applz,UdonSharp Required,,,,,,,,,,
6,Boby's Global FPS Debug Tool,BobyStar,SDK Worlds - 3.2.0,"A simple tool for showing every player's fps and physics tps.
This is a useful tool if you are doing performance tests in your worlds with large groups of players. Like in game worlds where players may be hard to reach or talk to. Or if you just don't want to keep asking what your friend's fps is.",https://bobystarvrc.booth.pm/items/4825743,6/2/2023 1:47:11,BobyStar,"VRChat Creator Companion and UdonSharp Required.
Please credit me if used.",https://vrchat.com/home/world/wrld_d83b98ec-ac4e-4ac3-ab00-a3c556b1d25b,,,,,,,,,
7,Battleshots,tyriadev,1.6,"Battleshots prefab for free! simple to use, setup and edit",https://github.com/TyriaDevVRC/BattleShots-Udon-VRChat/releases/tag/v1.2,6/17/2023 10:34:44,taruloa,,,,,,,,,,,
8,Avatar Scale Control,Realmlist,â‰¥ 3.2.2-beta.1,Allows you to configure the new avatar scaling function in your world.,https://realmlist.booth.pm/items/4879725,6/24/2023 7:02:51,Realmlist,,https://s2.booth.pm/b524f93b-7cee-45a8-abbc-79c9a59e751f/i/4879725/8510106a-fac0-40ae-a6bd-4a863bc9db29_base_resized.jpg,,,,,,,,,
9,DateTrigger,N1ghtTheF0x,"SDK3 World, UdonSharp",Animate game objects based on time and/or date of the VRChat Servers,https://github.com/N1ghtTheF0x/vrchat-DateTrigger,7/8/2023 17:30:16,N1ghtTheF0x,UdonSharp Required,https://vrchat.com/home/world/wrld_f842fa97-4907-43ff-8633-626beee5f92e,,,,,,,,,
10,Hash Studios DoorSys,HASH STUDIOS LLC,SDK3,"Hash Studios DoorSys is a sleek, user-friendly UdonSharp prefab that offers creators the ability to set custom passcodes and create whitelists, ensuring your virtual reality worlds remain secure and accessible to those you choose.

Learn more at...
https://hashstudiosllc.com/hashstudiosdoorsys",https://hashstudiosllc.booth.pm/items/4879313,7/16/2023 16:24:03,HASH STUDIOS LLC,"You may view a YouTube video on how to use this product here.
https://youtu.be/yyU05r6eX6M

Requires:
â— UdonSharp

License:
https://www.hashstudiosllc.com/hashstudiosdoorsys/license",https://vrchat.com/home/launch?worldId=wrld_67bd18a4-b2a4-49f3-9481-216398c00efe,,,,,,,,,
11,Portable Panel,MyroP,3.2.1,"A script for a customizable portable panel that can be used in any VRC world. You can use it to create menus, portable video players etc.",https://github.com/MyroG/Portable-Panel,7/31/2023 13:52:29,MyroP,,https://vrchat.com/home/world/wrld_e96388b4-f0b2-4265-ab33-1cd248d6223a,,,,,,,,,
12,VRC AudioShrink,DrBlackRat,3.2.2,"This tool allows you to scale your Avatar to music using AudioLink!
Features:
- Select what AudioLink Band to react to
- Set a default scale
- Set a max amplitude scale
- Safe Zones in which you are unaffected by scaling
- Master Only settings
 - Master Disable (disables AudioShrink for everyone)
 - Master Control (Master sets AudioBand, Default & Max Amplitude Scale for everyone)
 - Sync Settings (AudioBand, Default & Max Amplitude Scale)",https://github.com/DrBlackRat/VRC-Audio-Shrink,7/31/2023 18:23:55,DrBlackRat,,https://vrchat.com/home/world/wrld_b7024f5f-30cb-415f-be1d-5a0c35e80550,,,,,,,,,
13,Udon Crowd Height,Joker is punk,3.2.2,"Define an upper and lower avatar scaling limit, and define 3D spaces where those limits will or will not apply.",https://github.com/jokerIsPunk/udon-crowd-height/releases,8/3/2023 13:59:57,Joker is punk,,https://www.youtube.com/watch?v=b0ev4fe5LIw,,,,,,,,,
14,Boby's Dual Laser,BobyStar,SDK Worlds - 3.2.3,A simple Drag-N-Drop prefab that allows players to use two lasers with your World UI. Helpful if you have a keyboard or want to enhance multitasking! Included functions for U# for your own usage.,https://bobystarvrc.booth.pm/items/5007241,8/14/2023 8:25:39,BobyStar,"VRChat Creator Companion and UdonSharp Required.
Please credit me if used.",https://youtu.be/xRha7-qE1vg,,,,,,,,,
15,STEPPE Keyboard,STEPPE VR,3.2.3,"A customisable multilayout & multilingual keyboard prefab.
Included Layouts:
- 4 English Layouts (UK, US INT, Dvorak, Colemak)
- French AZERTY
- German QWERTZ
- Russian Cyrillic/Ð™Ð¦Ð£ÐšÐ•Ð
- Japanese Hiragana
- Hebrew
- Arabic",https://steppe-vr.booth.pm/items/5087979,9/11/2023 17:46:54,STEPPE VR,,https://vrchat.com/home/launch?worldId=wrld_0a963cf2-97e3-4926-b3af-c6bbb497aeee,,,,,,,,,
16,VRC Simple String Loader,DrBlackRat,3.4.0,"This script adds a lot of additional features to VRChat's String Loader!

It can automatically load them when you enter the World & reload them after a certain amount of time. It allows you to apply the string to Text, Text Mesh Pro and Text Mesh Pro UGUI components. You can also show different strings while it loads and if an error occurs.",https://github.com/DrBlackRat/VRC-Simple-String-Loader,9/28/2023 10:39:50,DrBlackRat,,,,,,,,,,,
17,Teleport player using GetPosition and GetRotation,Phasedragon,3.x,"Teleports the player using GetPosition and GetRotation as the basis for 
the interface, but does all the math to teleport by trackingdata origin 
under the hood correctly. This gives it a solid, reliable teleport suitable 
for seamless teleportation use cases, while giving you an interface that 
still has an easy to use pivot point and forward axis.",https://gist.github.com/Phasedragon/5b76edfb8723b6bc4a49cd43adde5d3d,10/17/2023 6:33:06,Phasedragon,,,,,,,,,,,
18,VRC ID Gimmicker,sh0ou,3.4.1,"A tool to designate a player to activate a gimmick.
- Manual ID setting / ID setting by URL
- Teleport / ColTeleport / ObjSwitch (Sync / Async)
- Ability to develop your own gimmicks by calling functions in U#.",https://sh0ou.booth.pm/items/5304831,12/6/2023 5:57:11,sh0ou,VCC here>> vcc://vpm/addRepo?url=https://sh0ou.github.io/vpm-repos/vpm.json,,,,,,,,,,
19,MultiAudioTrack,N1ghtTheF0x,3.5.0,Play layered audio tracks (dynamic music),https://github.com/N1ghtTheF0x/vrchat-repo,1/1/2024 15:41:49,N1ghtTheF0x,UdonSharp required for usage,,,,,,,,,,
20,PermissionManager,MagmaMc,3.3.0,"A Framework For Creating Permission Systems For 
Items, Rooms and More",https://github.com/MagmaMcNet/PermissionManager/,1/2/2024 1:41:17,MagmaMc,,,,,,,,,,,
21,SynMediaPlayer,Synergiance,Udon 1,An advanced Udon powered media player,https://github.com/synergiance/SynMediaPlayer/releases,3/10/2024 15:39:47,Synergiance,Support: https://discord.gg/rvpGU5E,N/A,,,,,,,,,
22,JetSim - Floating Origin,KitKat,N/A,A system for VRChat worlds that mitigates floating point issues by moving the world and player.,https://github.com/KitKat4191/JetSim-FloatingOrigin,4/2/2024 23:03:16,Tony_Lewis,,,,,,,,,,,
23,VRC-Vending-Machine,BassBoostedDuck,SDK3,"This is a Custom Vending Mechine with 48 diffrent cans, all customiseable by editing the mats for them, if you need help message me on discord: BassBoostedDuck",https://github.com/BassBoostedDuck/VRC-Vending-Machine,4/12/2024 16:15:56,PhaxeNor,,,,,,,,,,,
24,SAIKSystemPrefab,HardLight680,3.6.0,A VRChat prefab for creating custom in-world IK interactions compatible with most VRChat humanoid SDK3 avatars.,https://github.com/JulieCat680/SAIKSystemPrefab,6/24/2024 14:04:35,HardLight680,,https://vrchat.com/home/world/wrld_0fad1508-b756-499b-b303-aba8df2949c6,,,,,,,,,
25,Access Control,OhGeezCmon,SDK3,Allows a set of predefined Admins to give admin access to a range of game objects. Useful for ensuring only certain players can access certain objects.,https://github.com/OhGeezCmon/VRC-AccessControl/releases/,6/28/2024 13:39:47,Benediction,"I changed my VRC name from OhGeezCmon to Benediction, use whichever name makes sense for consistency.",https://github.com/OhGeezCmon/VRC-AccessControl,,,,,,,,,
26,Data Debugger,miner28_3,3.5+,DataDictionary/List/Token Debugger for Parsing and logging DataDict/Lists that include references inside.,https://gist.github.com/Miner28/c4de7eee6db1e2bc316e8efc5e4b4042,7/5/2024 7:31:14,miner28_3,,,,,,,,,,,
27,MS-VRCSA-Billiards,Sacchan & Neko Mabel,3.6.0+,"Greatly enhanced fork of the Pool Parlor table, re-written physics, multiple tables, late-joiner support, snooker game mode, customizable.",https://github.com/Sacchan-VRC/MS-VRCSA-Billiards/releases,7/11/2024 18:33:28,Sacchan,,,,,,,,,,,
28,ArcheryKit,Vowgan,Worlds 3.6.0,"A set of Bows, Arrows, and Targets for adding Archery to your world.",https://virtualvisions.github.io/VPM-Packages/,7/12/2024 18:27:34,Vowgan,,https://youtu.be/NWgr3zCj55M,,,,,,,,,
29,Udon Graph Triggers,Maebbie,SDK3 World,50+ Dependency-Free Udon Behaviours for VRChat Worlds. They cover all essentials and follow a standardized node layout. Only the VRChat SDK is needed to use these!,https://github.com/Maebbie/Udon-Graph-Triggers,8/1/2024 16:20:07,Maebbie,,,,,,,,,,,
30,DeacsImageLoader,deac.online,SDK3,A simple run-time image loader for VRChat worldbuilders using Udon sharp.,https://github.com/DeaconDP/DeacsImageLoader,5/10/2023 17:24:24,deac.online,UdonSharp required,https://github.com/DeaconDP/DeacsImageLoader/blob/main/preview.jpg,,,,,,,,,
31,BugTesterForVRChat,iffn,SDK3,A prefab that will automatically test if U# functions work the way they should.,https://github.com/iffn/BugTesterForVRChat,5/7/2023 9:35:46,iffn,UdonSharp required,https://vrchat.com/home/world/wrld_ad6b9a62-8d60-404d-95cc-fa4639fcab8a,,,,,,,,,
32,Easy3rdPersonUdon,VoHeLi,SDK 3 (2022.1.1),Easy3rdPerson - Quick and free way to allow 3rd person in your VRChat Udon world for Desktop players.,https://github.com/VoHeLi/Easy3rdPersonUdon,4/22/2023 15:05:12,VoHeLi,,https://drive.google.com/file/d/1CtsqWGevlS4Op6z4t0R2UMJ9lHwa2pPb/view,,,,,,,,,
33,Boby's Planet Movement,BobyStar,SDK Worlds - 3.1.13,"A prefab that allows players to walk and platform around 3D planets using gravity fields. This system can be used to make space-like platforming worlds, 3D puzzles, and spacecraft multiplayer wars.",https://bobystarvrc.booth.pm/items/4690338,4/14/2023 8:51:03,BobyStar,"VRChat Creator Companion and UdonSharp Required, Please credit me if used.",https://vrchat.com/home/world/wrld_d83b98ec-ac4e-4ac3-ab00-a3c556b1d25b,,,,,,,,,
34,Holiday Decorator,Lusif,3.1.11,"Tired of constantly updating for Holidays? 
Fear no more! A simple and easy script that automatically
toggles objects based on Holidays and the 4 seasons.
Additionally, it allows the world creator to specify which
objects and a custom holiday and celebration message.

Spawn custom object(s) for Christmas, Halloween, & more.
These holidays will keep the objects active for several days
before and after so your world visitors will have plenty of
time to check out your sweet decorations! :)",https://github.com/LusifVR/UdonToolBox/tree/main/WorldToolBox/Holiday%20Decorator,4/14/2023 2:49:54,Lusif,,,,,,,,,,,
35,Remote Poster Downloader,Realmlist,3.1.11,Downloads remote images and adds them to a material as a texture.,https://realmlist.booth.pm/items/4648405,3/27/2023 8:14:12,Realmlist,,,,,,,,,,,
36,Fionna's Audio Captions,Fionna,SDK3,"Easy particle effects or screenspace text captions, works with CyanTrigger, Udon, and U#",https://fionna.booth.pm/items/4605069,3/21/2023 3:15:48,Fionna,,,,,,,,,,,
37,Real Time Reflection probe Rate,Noch3d,SDK3,A simple script that allow to update real time reflection at a specific rate in seconds. Perfect for multiples real time reflection probes in a scene and a way to optimize it.,https://github.com/noch3d/VRC_RealTimeReflectionRate,3/12/2023 17:51:33,Noch,,,,,,,,,,,
38,Udon Airtime SwimSystem,Waai!,SDK3,Integrates Udon Airtime with Hirabiki's SwimSystem,https://github.com/squiddingme/UdonAirtimeSwimSystem,3/12/2023 14:42:35,Waai!,Maybe this should go directly under Udon Airtime in the list?,,,,,,,,,,
39,VRC Picture Loader,DrBlackRat,SDK 3.1.11,"This is a simple way to add an VRChat Image Downloader to your world, it provides a user friendly UI to download pictures from the web, shows you how many pictures are already downloaded, tells you when a picture couldn't be download and it lets you manually or automatically download images.",https://github.com/DrBlackRat/VRC-Picture-Loader,2/27/2023 19:43:56,DrBlackRat,,https://vrchat.com/home/world/wrld_65b1db37-cce6-48d8-b57e-58c3f31b2c93,,,,,,,,,
40,Inventory System,TealDealMeal,3.1.10,Easy to use and fully works out of the box Inventory System for VRChat Worlds!,https://github.com/TealDealMeal/InventorySystem,2/19/2023 18:38:25,TealDealMeal,,,,,,,,,,,
41,EmyChess,emymin,VCC SDK3 - UdonSharp,Udon Chess Prefab for VRChat,https://emymin.booth.pm/items/3126194,2/3/2023 4:17:28,emymin,"The prefab is fully open source under the GPL-3.0 license and all the assets are licensed under CC-BY-SA
Project repo: https://github.com/emymin/EmyChess",,,,,,,,,,
42,Udon Compass,xxlilradxx,SDK3,Udon script for vrchat SDK3 thats just a simple north facing compass.,https://xxlilradxx.booth.pm/items/4489244,1/22/2023 21:01:22,Fionna,Required UdonSharp,,,,,,,,,,
43,Udon Compass Questing System,xxlilradxx,SDK3,Udon script for vrchat SDK3 thats a simple compass that directs the player towards quest markers.,https://xxlilradxx.booth.pm/items/4489340,1/22/2023 20:59:34,Fionna,Requires UdonSharp,,,,,,,,,,
44,Dynamic Personalized Spawn System,Aikatsuyuri,SDK3 - Udon Graph,"Differentiated spawn system that is easily adjustable so players can load into the world in different areas. Specialized option if enabled, also set all player respawn points to their respective starting point.",https://aikatsuyuri.booth.pm/items/4486666,1/19/2023 8:33:54,Aikatsuyuri,,,,,,,,,,,
45,Music Transition,EvolvedAnt,SDK3,"Enables smoothly transitioning the audio volumes between audio sources playing background music as the player walks through different areas of your world by dynamically lowering/raising audio sources volumes. Can tweak transition duration, curves, target volumes, and whether the audio should start from the beginning of the clip.",https://drive.google.com/file/d/1xaMVUF3fufk5he3RkQZiPvcVjdTxkk0r/view?usp=share_link,1/15/2023 15:20:10,EvolvedAnt,Requires UdonSharp,https://vrchat.com/home/world/wrld_cd9dd14c-f913-43aa-af4c-ca6503290bc4,,,,,,,,,
46,SmartObjectSync,MMMaellon,2022.1.1,Drop-in replacement for VRC_ObjectSync. Also includes script for attaching things to your body,https://github.com/MMMaellon/SmartObjectSync/releases,1/14/2023 16:56:16,MMMaellon,,https://twitter.com/MMMaellon/status/1614152548780478464?s=20,,,,,,,,,
47,The Northern Hemisphere Stars Display for VRChat 3.0 Worlds (15 Different timezones display !),Fuuujin,3,Prefab maps for the current visible stars on the sky above different locations in the real world.,https://fuuujin.gumroad.com/l/StarMapsForWorlds,1/14/2023 7:02:00,Fuuujin,,,,,,,,,,,
48,UdonPortals,aurycat,SDK3,"This prefab lets you create visual portals in VRChat worlds that can be looked through, walked through, fallen through, and appear as high quality as a Mirror. Even pickups can be thrown through the portals!",https://gitlab.com/aurycat/UdonPortals,1/12/2023 23:40:07,aurycat,UdonSharp required,https://vrchat.com/home/world/wrld_c6dc655d-e665-4a26-abc9-da0617257bc0,,,,,,,,,
49,Flocks system,Aerx,SDK3,A customizable flocks system oriented towards making creatures dynamically navigate a preset area,https://drive.google.com/file/d/1vSADRVgy_-0IrkcL-pbjbyBP_51XANHu/view,1/11/2023 14:57:33,Fionna,Udon Sharp required,https://drive.google.com/file/d/1EzwApEd0RskjCqshEg1NQuwjWrP2F9GG/view,,,,,,,,,
50,VRpg Roleplaying System,Dorktoast,SDK3,"This integration based on Cyan's player object pool adds an integrated world menu, character labels, and dice rollers/randomizers for playing tabletop RPGs and LARPs inside VRChat. Includes a storyteller panel that gives game-runners utilities like teleporting and worldwide announcements.",https://github.com/GIBGames/VRChatRPG,1/3/2023 14:01:56,Fionna,"Requires UdonSharp, UdonToolkit, and Cyan Player Object Pool",https://vrchat.com/home/world/wrld_e7396f79-da8f-4e3c-af72-9a2e5aa70319,,,,,,,,,
51,Dynamic Password Locking System,Aikatsuyuri,SDK3 (Udon graph),"A dynamically locked door where users within a permission list, can set a password to a door to enable passage quickly! Syncs for late joiners and can easily be reset.",https://aikatsuyuri.booth.pm/items/4443975,1/3/2023 14:00:08,Fionna,,,,,,,,,,,
52,Boby's Layer Mirror,BobyStar,SDK 3 Worlds - 3.1.10,A VRChat Prefab for Worlds needing a highly customizable mirror. UI adapts to layers in VRChat World and each layer can be toggled on/off in VRChat. It also has default High-Quality and Low-Quality LayerMasks. UI dynamically adjusts to the number of layers. Includes setting for showing only used layers or all layers.,https://bobystarvrc.booth.pm/items/4433749,12/28/2022 4:05:10,BobyStar,"VRChat Creator Companion and UdonSharp Required, Please credit me if used.",Can be seen in Boby's Lab: https://vrchat.com/home/world/wrld_d83b98ec-ac4e-4ac3-ab00-a3c556b1d25b,,,,,,,,,
53,FaxPartyPopper,Faxmashine,World 3.1.10,"Pick it up, click to ðŸŽ‰",https://drive.google.com/uc?export=download&id=1FN9WUNlhzQyizgXklXyEVFQ_0XvnpvNE,12/27/2022 20:19:13,Faxmashine,MIT licensed,https://youtu.be/Ej8UUwmON9s,,,,,,,,,
54,Ice Skating Udon,Joker is punk,2022.1.1,Lets players simulate ice skating by modeling momentum and the directional control of ice skates. Movement by leg trackers is included.,https://jokerispunk.gumroad.com/l/ice-skating-udon,12/20/2022 23:27:58,Joker is punk,https://github.com/jokerIsPunk/ice-skating-udon/releases,https://www.youtube.com/watch?v=9igDmBd-2x0,,,,,,,,,
55,iwaSync3 Media Player,Hoshino Labs.,World SDK3,"A fully featured media player, with a LOT of options and a neat desktop interface. Supports playlists as well as many other nice features.",https://booth.pm/en/items/2666275,12/8/2022 14:55:54,EasyMochi,,,,,,,,,,,
56,VRC-Liars-Dice,akalink,2022.1.1,A fully playable game of Liar's Dice that anyone can play. Just drag and drop it into your scene,https://github.com/akalink/VRC-Liars-Dice,12/6/2022 20:33:42,akalink,,,,,,,,,,,
57,HOITEX Trombone (Udon),Hoizen,3.1.10,HOITEX functional Trombone now as a Udon Prefab for Worlds,https://docs.google.com/document/d/1PWX9xeInIe4Y6PH7wYktUj2ghVxkCIetCjHnMJDFnZg/,12/5/2022 18:54:05,Hoizen,,,,,,,,,,,
58,VRCBlackjack,Centauri,VRCSDK3 2022.1.1 or newer,"U#1.0+ Only! | Udon Blackjack, play and have fun with your friends!",https://github.com/Centauri2442/VRCBlackjack,11/14/2022 21:32:31,Centauri,Udonsharp 1.0+ Required,https://vrchat.com/home/world/wrld_41007480-7a8b-44f3-a97e-57a83d3512ce,,,,,,,,,
59,UdonTotp,Sonic853,SDK3,"A Time-Based Dynamic Password Lock Implementation (TOTP)
Can be used with Microsoft Authenticator",https://853lab.booth.pm/items/4141499,11/11/2022 19:38:19,Fionna,Uses U#,https://vrchat.com/home/world/wrld_e47376a2-3fba-484d-b08f-3719aa18b18c,,,,,,,,,
60,Fionna's CyanTrigger Keypads,Fionna,SDK3,"A set of customizable keypads: programmable, synced or local, with a variety of models and materials",https://fionna.booth.pm/items/4294811,11/3/2022 22:22:57,Fionna,Requires CyanTrigger 0.4.2 or higher,https://vrchat.com/home/launch?worldId=wrld_e7278f32-7d12-4409-b8bf-2c04d2b816bc,,,,,,,,,
61,MalDrum,joebelow,Graph / CyanTrigger,MalDrum drum machine prefab for VRChat,https://malaclypse.booth.pm/items/4019352,10/21/2022 11:55:35,PhaxeNor,,https://vrchat.com/home/launch?worldId=wrld_046ae4fe-ecff-41ad-b89a-694645365297,,,,,,,,,
62,UdonOTPLib,GizmoOAO,VCC - UdonSharp,VRChat Udon OTP Library. contains a simple time-based one-time password example.,https://github.com/GizmoOAO/UdonOTPLib/releases,10/10/2022 0:50:07,PhaxeNor,"Make sure you have imported the latest VCC VRCSDK3, VCC UdonSharp and UdonHashLib.",https://vrchat.com/home/launch?worldId=wrld_1590a2c1-7f17-40b7-a71c-b90b542a204c,,,,,,,,,
63,BPM Counter,lightbulb,3.1.7,A novelty BPM counter that works by reading audiolink data,https://lightbulb.booth.pm/items/4227903,10/9/2022 21:29:35,lightbulb,,https://www.youtube.com/watch?v=DY0LMHHFR-Q,,,,,,,,,
64,FloatZone,Juice...,3,"This package includes an Udon graph that lets you adjust gravity in trigger volumes. It's made to simulate 0 gravity, but any number will work. You can use any type of collider so long as it has a trigger. Additional options allow you to fire thrusters while inside the trigger.",https://mdcrtv.gumroad.com/l/floatzone,10/2/2022 18:30:01,Juice...,,https://mdcrtv.gumroad.com/l/floatzone,,,,,,,,,
65,The Pigeon Prefab,Steve The Mitochondria,SDK3,Simple drag & drop Pigeon NPCs to liven up a world. Comes with a few behavior variations.,https://booth.pm/en/items/4171276,9/26/2022 17:06:39,Steve The Mitochondria,,https://twitter.com/NinjaSteeve/status/1567258801622990848?s=20&t=VIoq1-Axiz8FGmS4UJoTLg,,,,,,,,,
66,P-Shooters,MMMaellon,SDK3,Customizable and synced particle guns for beginners. Uses editor scripts to make setup really easy and prefabs for many different types of weapons. Comes packaged with free 3d models by @NatalieDesign (aka Smooth_Octopus),https://github.com/MMMaellon/P-Shooters/releases,9/20/2022 22:37:47,MMMaellon,,https://twitter.com/MMMaellon/status/1550273666088259584,,,,,,,,,
67,BitConverter for UdonSharp,Miner28_3,UdonSharp 1.0,System.BitConverter converted for use in Udon.,https://gist.github.com/Miner28/8622c6e02a1b63d877667393f62ad2f0,9/4/2022 2:06:27,Miner28_3,,,,,,,,,,,
68,Disable Game Object with timer,Realmlist,2022.07.26,Disables a game object after the timer runs out.,https://realmlist.booth.pm/items/4094666,8/22/2022 22:37:54,Realmlist,,,,,,,,,,,
69,Toggle Shader Keyword,Realmlist,2022.07.26,"Allows you to toggle a specific shader keyword during runtime.
In this use case it's being used to toggle AreaLit on and off.",https://realmlist.booth.pm/items/4109657,8/22/2022 22:37:11,Realmlist,,https://www.youtube.com/watch?v=NelNqKCQGTc,,,,,,,,,
70,Udon Stow Points,Toly65,SDK 3,allows the creation of stow points which can attach to the player allowing players to carry more than just what's in their hands,https://github.com/Toly65/Udon-Stow-System,8/16/2022 4:36:31,Toly65,,,,,,,,,,,
71,UdonChips Chinchirorin,Xantoz,SDK3,Chinchirorin is a 2-4 player dice rolling betting game. Package also includes a single player version of the game.,https://xzshop.booth.pm/items/4077069,8/15/2022 11:00:51,Chriin,,,,,,,,,,,
72,VRCSubtitle,Centauri,SDK3 - Latest,"U# 1.0+ Only! | VRCSubtitle is a system that allows users to quickly and easily add subtitles to their projects! Designed to be performant and modular, it supports a variety of different subtitle types and use cases!",https://github.com/Centauri2442/VRCSubtitle,8/8/2022 1:16:56,Centauri,,https://vrchat.com/home/launch?worldId=wrld_55b59087-675c-4ea8-9e1a-db0dda5ef8fe,,,,,,,,,
73,Voice Booster Interact Toggle,labthe3rd,VRCSDK3,A voice booster script used in The Party Zone used to amplify a players voice for events!,https://labthe3rd.gumroad.com/l/VRCVoiceBooster,8/6/2022 17:35:46,labthe3rd,,,,,,,,,,,
74,Global Voice Controller UI [Local],labthe3rd,VRCSDK3,A script and basic UI to control voice settings in a VRC World,https://labthe3rd.gumroad.com/l/GlobalVoiceControllerVRC,7/28/2022 2:54:48,labthe3rd,,,,,,,,,,,
75,VRC Bowling SGB,spookyghostboo,VRCSDK3-WORLD-2022.06.03.00.03_Public,Bowling Prefab using UdonSharp. Meshes modeled by spookyghostboo and scripting done by FortisVenaliter. Strike and Spare animation sprites by meathamski.,https://drive.google.com/drive/folders/1IjHmb1DIVxJBEri8bbwMCsf75kursoRF?usp=sharing,7/16/2022 1:41:48,spookyghostboo,,https://vrchat.com/home/world/wrld_99bbf85d-620c-492a-ab6f-f9bfadd4976c,,,,,,,,,
76,Boby's Name Tag Pivot,BobyStar,SDK3 World - 2022.06.03.00.03,"An automatic pivoting system that can move a transform onto the player's name plate.
It will also scale and appropriately match the player's nameplate size and distance. Useful for displaying quick info like a health bar, race placement, spell status, or if they are the Master of the instance. Includes a sample scene showing some example uses and a prefab for quick drag-&-drop Master instance icon.",https://1drv.ms/u/s!At-eIpq8UHqQonZ5gzkhgVnnXCNy?e=Xeplyp,7/7/2022 2:34:29,BobyStar,"UdonSharp Required, Please credit me if used.",Image Preview & Documentation in Download Link. Examples can be seen in Boby's Lab: https://vrchat.com/home/launch?worldId=wrld_d83b98ec-ac4e-4ac3-ab00-a3c556b1d25b,,,,,,,,,
77,Boby's World Portal System,BobyStar,SDK3 World - 2022.06.03.00.03,"A portal system that allows players to drop portals and teleport to different locations and players in your world. Including safety features like preventing portals from being dropped onto teleport & spawn locations, players, and steep areas. You can also prevent other players from teleporting to you by disallowing player teleport in the settings. Multiple ways to summon the portal menu including press both triggers, double tap a trigger, and pickup from your shoulder or hips.",https://1drv.ms/u/s!At-eIpq8UHqQonCp9W7xNDzwjQkC?e=hLQJov,6/29/2022 2:40:06,BobyStar,"UdonSharp Required, Please credit me if used.",Video & Image Previews in Download Link. Used and Interactable in Boby's Lab: https://vrchat.com/home/launch?worldId=wrld_d83b98ec-ac4e-4ac3-ab00-a3c556b1d25b,,,,,,,,,
78,Udon Climbing/Gliding/Swimming System,VoHeLi,SDK3,"A simple prefab to implement climbing, swimming and gliding into your world (Ask me on discord for any question : VoHeLi#5744)",https://github.com/VoHeLi/Udon-CGS,6/25/2022 0:19:16,Fionna,,,,,,,,,,,
79,Party Zone Keypad And Auto Login System,labthe3rd,VRCSDK3,A keypad with 4 roles in a hierarchy. This system includes auto login for usernames and 4 passwords for each role. The fbx was created by me and made with optimization in mind.,https://labthe3rd.gumroad.com/l/PartyZoneKeypad,6/12/2022 15:02:36,labthe3rd,,,,,,,,,,,
80,Player Joined Sound And Overlay,labthe3rd,VRC SDK3,"Play sound and show overlay for players in the instance, not for the joining player",https://labthe3rd.gumroad.com/l/PlayerJoinedSoundAndOverlayText,6/12/2022 0:15:11,labthe3rd,,https://imgur.com/a/CDFMslZ,,,,,,,,,
81,The Party Zone Video Player,labthe3rd,3,A video player designed for clubs created by a club! Stream your content to quest and PC with a 2 link video player that has been tested at multiple events. We are compatible with VRCDN!,https://labthe3rd.gumroad.com/l/ThePartyZoneVideoPlayer,5/22/2022 20:37:37,labthe3rd,Please join the Party Zone to fill out a ticket with any technical issues you may have.,,,,,,,,,,
82,Random Audio Player,Paci Stardust,2021.11.24.16.19,A prefab to play random audio clips as ambience or by button-press,https://pacistardust.booth.pm/items/3876841,5/19/2022 9:04:36,Paci Stardust,,,,,,,,,,,
83,Boby's Kirby Locomotion,BobyStar,SDK3 World - 2022.02.16.19.13,"A Locomotion Controller that allows Players to move like in the game ""Kirby and The Forgotten Land."" You can Float, Flap, and Exhale Air with up to 100 players in Sync! Multiple settings including 'Max Float Height', 'Time Till Tired', SFX, and Particles. SFX included come from the game ""Kirby Star Allies.""",https://1drv.ms/u/s!At-eIpq8UHqQomurmJqMI-x7I43l?e=gEQUtM,5/15/2022 22:06:05,BobyStar,"UdonSharp Required, Please credit me if used.",GIF & Video Previews in Download Link. Interactable Settings in Boby's Lab: https://vrchat.com/home/launch?worldId=wrld_d83b98ec-ac4e-4ac3-ab00-a3c556b1d25b,,,,,,,,,
84,NetworkedEventCaller,Miner28_3#3607,VRCSDK3-WORLD-2022.04.20.16.26_Public,Extends VRChat's SendCustomNetworkEvent and allows sending data together with the event. FOR ADVANCED USERS.,https://github.com/Miner28/NetworkedEventCaller/releases,5/14/2022 20:17:20,Miner28_3#3607,Requires UdonSharp 1.0,,,,,,,,,,
85,Axe Throwing,mahu,VRCSDK3-WORLD-2022.04.20.16.26,"Axe Throwing game with multiple game modes, improved VR throwing, and physics simulation",https://github.com/mahuvrc/VRCAxeThrowing,5/8/2022 5:15:25,mahu,Two versions - old version compatible with U# 0.20.3 and new version compatible with U# 1.0,https://vrchat.com/home/launch?worldId=wrld_6e65c9b1-3f5f-4e8f-80db-d360f996a144,,,,,,,,,
86,USharpVideo Subtitles,jacklul,2022-04-20,"This prefab adds support for SRT subtitles to USharpVideo.
It was build mainly for USharpVideo but will work with any other video player supported by VRChat (Unity and AVPro).",https://github.com/jacklul/USharpVideo-Subtitles,4/29/2022 6:44:55,PhaxeNor,https://vrchat.com/home/world/wrld_dc50af39-1f65-4c47-a0d5-d1729d5c683f,,,,,,,,,,
87,SimpleUdonBrush,Marsy,SDK3,"just a Brush with asmr sounds when brushing. 

both parties have to click the ""on and off"" button, localized for comfy reasons <3",https://drive.google.com/file/d/1ZDFsaq4xtnhz2MbWRAoQ75-up1ibx7qA/view?usp=sharing,4/18/2022 22:48:14,Marsy,,https://imgur.com/a/NTbNS3v,,,,,,,,,
88,Udon UwUtils,Reava_,SDK3,"A collection of not-so-niche UdonSharp scripts for specific uses. Rotations, Tag management, Whitelists, TPs and so on.",https://github.com/Reava/ReavaUwUtils/releases/,4/18/2022 15:41:03,Reava_,UdonSharp required,https://vrchat.com/home/world/wrld_bd34e017-bdbd-4150-9577-660cd1ff29f7,,,,,,,,,
89,Golf Game SGB,Spookyghostboo,VRCSDK3-WORLD-2022.02.16.19.13_Public,"Shoot golf balls into rings for points. The players get a certain amount of golf balls to hit. The Player with the most amount of points win.

You can change the limit of golf balls and the amount of points each ring rewards.",https://drive.google.com/drive/folders/1_5mKVdrStVnjxYWY7oqFoBjUDiFXrd2q?usp=sharing,4/12/2022 16:11:39,Spookyghostboo,na,https://vrchat.com/home/world/wrld_1fe3ba0e-93c3-400c-9c07-a10c78aba9b3,,,,,,,,,
90,Animation Synchronization System,Sayamame,2021.11.24.16.19,"A system for SDK3 with ""Animation synchronization function"" and ""Event firing function"". The included ""Full"" version prefab will synchronize parameters, playing states, and time for all layers in the Animator given by Inspector. This system uses UdonGraph only.",https://sayamame-beans.booth.pm/items/3645740,4/10/2022 5:29:35,PhaxeNor,,https://s2.booth.pm/3e1b3039-e946-4175-839a-81692e984f68/i/3645740/b1a66978-6933-46be-84ca-df587f9c41b1_base_resized.jpg,,,,,,,,,
91,UdonSnake - U# Based Snake Port,Paci Stardust,2021.11.24.16.19,See booth page,https://pacistardust.booth.pm/items/3778923,4/7/2022 22:39:57,Paci Stardust,,,,,,,,,,,
92,AlphaCRT,Constapatience,2022.02.16.19.13,Output AVPro screen to a render texture with the use of a alphamask to only display the parts of the video you want.,https://drive.google.com/file/d/1hs-JefAb_7Ny6HgUG0uRSR2Bp9uoqBGe/view?usp=sharing,4/6/2022 18:35:43,Constapatience,This is a modified version of lox9973 Video Render Texture. The main use-case is if you have a screen with complex geometry you can use a single quad to for AreaLit lighting to accurately emit/reflect your screen while staying optimized.,,,,,,,,,,
93,Body-O-Pillow 300/Body Pillow Machine,Hexson,3,"The Body-O-Pillow 300 is the First Version of a Machine that creates a bodypillow of the Person within the Frame. Simply Pop the Prefab in the world as it is and your free to go,
Note: Im a credit whore so please :3",https://drive.google.com/file/d/1Ah1hmrTNlKyXpjfu-T7-pPzHZDBwBAol/view?usp=sharing,3/20/2022 3:44:22,Hexson,,,,,,,,,,,
94,Mission Briefing UI Panel,Steve the Mitochondria,SDK3,"This is a drag & drop panel with synced pickups constrained to the screen. The UI is just mesh with box colliders and the map is an image plane, which can be swapped with another PNG map. Uses: for decorative scenery, RP groups, and potentially game dev purposes.",https://nyon.gumroad.com/l/mission-briefing-UI-panel,3/17/2022 1:16:15,Steve the Mitochondria,,,,,,,,,,,
95,Minigame Helpers,fuopy,2022.02.16.19.13,"A collection of simple objects to help you improvise new minigames on the spot! Set your spawn point with the ""Brickpoint"" and set up in-world teleporters using the ""Doorgate!""",https://github.com/fuopy/vrc-minigame-helpers/releases,3/17/2022 0:46:38,fuopy,,,,,,,,,,,
96,Explode Cube,kleinba,3,A cube that explodes and vibrates the controller every 0.2m moved.,https://kleinba.gumroad.com/l/ExplodeCube,3/16/2022 23:28:20,kleinba,,,,,,,,,,,
97,TreeTime-Drawing Stuff Game!,TheKally,SDK3,A drawing game where four players Pick a random topic in secret and begin to draw it. They each only have 20 seconds before their canvas switches with their neighbors and they must try to finish their drawing without knowing what it is!,https://thekally.booth.pm/items/3698345,3/16/2022 22:56:14,TheKally,,,,,,,,,,,
98,Marble Race,Faxmashine & Hughesy,2022.02.16.19.13,Bet on marbles and make 'em race! Please check the Readme file.,https://github.com/daalta/MarbleRace,3/16/2022 22:54:16,Faxmashine & Hughesy,,https://streamable.com/lbosqn,,,,,,,,,
99,SimpleUdonElevator,Lilithe Lotor,3,A simple elevator platform compatible with Udon Object Sync which maintains network synchronization while the platform is moving.,https://github.com/lilithebowman/SimpleUdonElevator,3/16/2022 22:41:47,Lilithe Lotor,"This is my first one! I want to share my work with everyone! 

https://twitter.com/lilithebowman",https://user-images.githubusercontent.com/1637212/158293251-a4e8606d-b88b-4615-a0b1-76506d22f6fe.png,,,,,,,,,
100,Crazy 8 Ball,Dyslex1k & Crazium,SDK3,"A Magic 8 Ball prefab designed to give a random answer to any question you ask it!
To setup: Just drag the ""Crazy 8 Ball Full"" prefab anywhere in your scene, and in-game just grab the Crazy 8 Ball, ask it a yes or no question, shake it, and it will give you an answer!
Answers are synced with all players, so everyone will see the same response.",https://drive.google.com/drive/folders/1J1yMnLOA-JZFshKiYouCFskvG7rjf-FH?usp=sharing,3/14/2022 17:33:12,Dyslex1k,Note: Requires UdonSharp by Merlin to work.,https://twitter.com/CraziumGames/status/1500345450141868033,,,,,,,,,
101,Translation System,Latiprod,VRCSDK3 2022.02.16.19.13,"An easy way to translate in 2 languages your Udon worlds. You can translate text (TMP supported), switch texture and objects according to the selected language. Requires Udon Sharp.",https://drive.google.com/file/d/1F8CA2ho-J4TOeZmNUDJbnbLP10Ilw42e/view?usp=sharing,3/7/2022 22:33:03,Latiprod,Requires Udon Sharp,https://vrchat.com/home/launch?worldId=wrld_28c680db-6fcb-4816-a502-fbafadee43ec&instanceId=0,,,,,,,,,
102,Hex Tec. Simple Privat Room System,Hexson,3,Udon Framework to make easy Privat/lockebel rooms (Meshes can be swapped out with acctuel door meshes without stuff breaking),https://drive.google.com/file/d/1M4hFejvDy8xrjR6PrMeShTyEagW-nkdY/view?usp=sharing,3/5/2022 3:13:59,Hexson Kyle,Hex Vult~,,,,,,,,,,
103,RubisBounce,Rubisorange,SDK3,A bounce pad prefab to use as a trampoline with changeable settings.,https://github.com/Rubisorange/RubisBounce,2/25/2022 6:45:56,Rubisorange,,https://vrchat.com/home/world/wrld_429f53e0-95c6-446e-9f28-03f01c5d0301,,,,,,,,,
104,VR Comfort Ramp,Joker is punk,2021.11.24.16.19,Helps with motion sickness by swapping an inclined collider for a flat collider while moving in play space.,https://github.com/jokerIsPunk/vr-comfort-ramps/releases,2/23/2022 19:35:43,Joker is Punk,UdonSharp required,https://vrchat.com/home/launch?worldId=wrld_cc683f9c-d3a7-429c-a3f8-2e734da0a578,,,,,,,,,
105,Avatar Menu,Steve the Mitochondria,SDK3,"Original design by VoidCake: A scrolling UI menu that can store several avatars. 

Required before importing:
-VRCSDK3
-Udon Sharp",https://nyon.gumroad.com/l/avatar-menu,2/21/2022 8:13:00,Steve the Mitochondria,,https://twitter.com/NinjaSteeve/status/1495657513139810307?s=20&t=f0nNKEPPU3SqU0gZyuS2KA,,,,,,,,,
106,Stepmania VRC,Jiraymin,VRCSDK3-WORLD-2021.11.24.16.19_Public (or higher),This project aims to recreate stepmania (https://github.com/stepmania/stepmania) into vrchat. It basically is a combination of a parser for sm files + visualizers and gameplay manager using the parsed data + virtual arcade pads.,https://github.com/jiray-yay/Stepmania-VRC,2/18/2022 11:25:01,Jiraymin,Uses UdonSharp_v0.20.3 (or higher),https://twitter.com/Jiraymin/status/1492582105854926850,,,,,,,,,
107,Surface Slide,Pokeyi,SDK3,Surface sliding object controller for VRChat. Can be used to translate game objects' parent rotations into lateral movement.,https://github.com/Pokeyi/VRC-Surface-Slide,2/16/2022 2:04:14,Pokeyi,UdonSharp Required,https://github.com/Pokeyi/VRC-Surface-Slide/raw/main/P_SurfaceSlide.png,,,,,,,,,
108,Zoned voice dampening,Rubisorange,SDK3,"Allows the creation of zones in which players can hear each other or not. Can make ""soundproof"" walls/floors. Also includes a player location information board.",https://github.com/Rubisorange/ZonedVoiceDampening,2/15/2022 4:36:21,Rubisorange,,https://vrchat.com/home/world/wrld_65d24821-1849-447b-afa8-b7e6aa6d99a4,,,,,,,,,
109,Udon Bakery Adapter,z3y,2021.11.24.16.19,A script that handles Bakery material property blocks used for SH and RNM with Udon,https://github.com/z3y/UdonBakeryAdapter/,2/9/2022 11:59:12,z3y,,,,,,,,,,,
110,Udon Worldle - U#-Based Wordle Port,Paci Stardust,2019.4.31f1,See booth page,https://pacistardust.booth.pm/items/3641688,2/8/2022 23:02:49,Paci Stardust,,,,,,,,,,,
111,VRChat Exploding Egg Udon!!,TWKTemplar,UdonSharp - v0.20.3,An udon sharp egg that will blow up in your face if you get too close! Sends the player flying and throws around a decent amount of temp particles,https://twktemplar.booth.pm/items/3641692,2/8/2022 21:55:01,TWKTemplar,,,,,,,,,,,
112,SimpleUdonMirror,Marsy,SDK3-WORLD,"A simple Udon Mirror with different Quality options: High, Medium, Low",https://drive.google.com/file/d/1nqdZJ07lSGnEOBuPTJtTkdMsLQ7pVq_h/view?usp=sharing,1/30/2022 16:24:33,Marsy,,,,,,,,,,,
113,Ok drawing prefab,Kenoli,SDK3,"An art tool with many features for painting and photo editing.

Configurable brushes, color blending, resizable canvas, layers, image sync, owner lock.",https://stardepot.org/ok/,1/21/2022 6:20:40,Kenoli,Requires Udon Sharp,,,,,,,,,,
114,CyanPlayerObjectPool,CyanLaser,SDK3 - 2021.07.13.13.39,"A VRChat system that will assign a unique object to every player in the world. Requires UdonSharp to work, but player objects can use any Udon compiler. Package includes examples in UdonGraph, UdonSharp, and CyanTrigger.",https://github.com/CyanLaser/CyanPlayerObjectPool/releases/tag/v1.0.0,1/20/2022 17:12:26,CyanLaser,,,,,,,,,,,
115,Udon Minesweeper - U# Based Minesweeper Port,Paci Stardust,2018.4.20f1,See booth page,https://pacistardust.booth.pm/items/3579093,1/13/2022 13:53:25,Paci Stardust,,See booth page,,,,,,,,,
116,Video Avatar Lighting,_pi_,SDK3,"Lights up player avatars based on video input. Does not require custom shaders, so it should work on most avatars.",https://github.com/PiMaker/VRChatUnityThings#avatar-light,1/12/2022 22:46:23,_pi_,,,,,,,,,,,
117,Timezone Sync Hologram,Vistanz,SDK 3,"This is a hologram earth can shows everyone's timezones, approximate location based on the timezone and their local time in the same world instance.",https://github.com/JLChnToZ/vrctzhologram,1/10/2022 22:44:50,Fionna,,https://vrchat.com/home/launch?worldId=wrld_7b24185d-81e8-4d67-8859-7bcf9a45cf1a,,,,,,,,,
118,Player Count Toggle,Realmlist,,Player Count Toggle,https://realmlist.booth.pm/items/3502593,1/5/2022 0:44:03,Realmlist,,,,,,,,,,,
119,Never Have I Ever with Microphone and Scoreboard,Fionna,SDK3,"This prefab is a drag and drop Never Have I Ever game.

It comes with a microphone, automatic scoreboard, and light-up floor panels. The microphone start panel can be customized with question suggestions.",https://fionna.booth.pm/items/3502900,1/5/2022 0:44:03,Fionna,Requires CyanTrigger,https://vrchat.com/home/world/wrld_8865c6d6-fa90-4336-91f6-f00519d616eb,,,,,,,,,
120,Collision Audio with CyanTrigger,Fionna,SDK3,"This prefab shows you how to use CyanTrigger to create realistic audio effects based on the collision speed of objects in a VRChat SDK3 world. There are two versions, one that changes the pitch based on velocity, and one that allows you to select from a list of audio clips.

There is also a ""semi-synced"" example that fixes some issues with Object Sync, by enabling a non-synced physics version when an object is released.",https://fionna.booth.pm/items/3502694,1/5/2022 0:37:42,Fionna,,https://youtu.be/yJoWldGrv-0,,,,,,,,,
121,Beer Pong with CyanTrigger,Fionna,SDK3,"This prefab is a Beer Pong game for a VRChat world, using CyanTrigger. This prefab is drag and drop, but you can also customize the appearance if you desire.

This prefab is built to official beer pong competition dimensions!",https://fionna.booth.pm/items/3502870,1/5/2022 0:36:18,Fionna,Requires CyanTrigger,https://youtu.be/QXxAf5u-pUk,,,,,,,,,
122,Sticky Surface,Juice...,3,A demo scene where a variety of pickups stick to targets using a script that detects collision to switch kinematic on and off.,https://mdcrtv.gumroad.com/l/stickysurface,1/4/2022 6:13:18,Juice...,,,,,,,,,,,
123,Udon2048 - U#-Based 2048 Port,Paci Stardust,2018.4.20f1,*Please read booth link for full info*,https://pacistardust.booth.pm/items/3547276,12/31/2021 5:05:40,Paci Stardust,,,,,,,,,,,
124,Wander AI,KevBal,3,Wander AI with Animation support! Check script summary for details! Requires U#,https://drive.google.com/drive/folders/1d4SH_LkHxTTepBeDUbKbIN8Y_pHkoN2U?usp=sharing,12/23/2021 21:30:40,KevBal,Ideal with the RPG Quest System,,,,,,,,,,
125,Udon Starter Kit,akalink,2021.09.30.16.18,"A collection of starter scripts, shaders, and editor scripts to beginner developers.",https://mcphersonsound.booth.pm/items/3529086,12/23/2021 18:34:32,akalink,There is also a wiki https://garrett-mcpherson.gitbook.io/udon-starter-kit-wiki/,https://www.youtube.com/watch?v=ENEnOX2KwWc&list=PL8Gth9dmbNdmfbJOMk4M7ZfxkhmsYJgKm,,,,,,,,,
126,Raycast Laser,Pokeyi,SDK3,Raycast laser renderer and point-plotter for VRChat. Raycast a visual line-rendered laser with optional reflective properties and point-plotting for collision-detection objects.,https://github.com/Pokeyi/VRC-Raycast-Laser,12/15/2021 1:08:33,Fionna,UdonSharp required,https://github.com/Pokeyi/VRC-Raycast-Laser/raw/main/P_RaycastLaser.png,,,,,,,,,
127,Player Tracking,Pokeyi,SDK3,Local player body-part tracking for VRChat. Track specific player avatar body parts and bones as well as smoothly attach game objects to those positions.,https://github.com/Pokeyi/VRC-Player-Tracking,12/15/2021 1:08:01,Fionna,UdonSharp required,https://github.com/Pokeyi/VRC-Player-Tracking/raw/main/P_PlayerTracking.png,,,,,,,,,
128,Object Spawner,Pokeyi,SDK3,Network-synced object spawner & controller for VRChat. Spawn and manage movement of multiple objects simultaneously synchronized to all players.,https://github.com/Pokeyi/VRC-Object-Spawner,12/15/2021 1:07:22,Fionna,UdonSharp required,https://github.com/Pokeyi/VRC-Object-Spawner/raw/main/P_ObjectSpawner.png,,,,,,,,,
129,Animation Sync,Pokeyi,SDK3,UTC animation sync for VRChat. Easily sync animations for all players without networking.,https://github.com/Pokeyi/VRC-Animation-Sync,12/15/2021 1:06:42,Fionna,UdonSharp required,https://raw.githubusercontent.com/Pokeyi/VRC-Animation-Sync/main/P_AnimSync.png,,,,,,,,,
130,Haptics Profile,Pokeyi,SDK3,Controller haptics profile for VRChat. Custom-tailor controller vibration presets to be placed in your scene with additional options for distance-based culling and amplitude-falloff.,https://github.com/Pokeyi/VRC-Haptics-Profile,12/15/2021 1:06:05,Fionna,UdonSharp required,https://raw.githubusercontent.com/Pokeyi/VRC-Haptics-Profile/main/P_HapticsProfile.png,,,,,,,,,
131,Floater Sync,Pokeyi,SDK3,UTC-synced bobbing and rocking motion for floating objects in VRChat. Manage synced bobbing and rocking motions for multiple floating game objects simultaneously synchronized to all players without networking.,https://github.com/Pokeyi/VRC-Floater-Sync,12/15/2021 1:05:17,Fionna,UdonSharp required,https://raw.githubusercontent.com/Pokeyi/VRC-Floater-Sync/main/P_FloaterSync.png,,,,,,,,,
132,Omni-Action,Pokeyi,SDK3,Multi-purpose user-action/event and function-handling component for VRChat. Can be used for a growing multitude of VRChat world interactions and game-logic functions.,https://github.com/Pokeyi/VRC-Omni-Action,12/15/2021 1:04:27,Pokeyi,UdonSharp required,https://raw.githubusercontent.com/Pokeyi/VRC-Omni-Action/main/P_OmniAction.png,,,,,,,,,
133,Udon Record player,Vard & Temmie Dola,latest one,An interactive vinyl record player for vrchat,https://github.com/Vard-and-Temmie/Udon-Record-player,12/14/2021 9:40:25,Vard,<3,,,,,,,,,,
134,UdonMotion,lox9973,VRCSDK3-WORLD 2021.11.24,A motion tracking system for VRChat world,https://gitlab.com/lox9973/UdonMotion/,12/10/2021 4:16:01,lox9973,,https://vrchat.com/home/launch?worldId=wrld_c88adb2b-0adf-4ca9-ad33-276d880416f8,,,,,,,,,
135,Voice Dampening,Realmlist,3,Allows you to override people's voice gain and voice reach. Very handy for regularly crowded worlds such as VR clubs.,https://realmlist.booth.pm/items/3489315,12/7/2021 23:20:52,Realmlist,,,,,,,,,,,
136,Avatar Sound Dampening,Realmlist,3,"Allows you to override people's avatar sound settings. Very handy for regularly crowded worlds such as VR clubs.

Disables avatar sounds by default!",https://realmlist.booth.pm/items/3489319,12/7/2021 23:20:23,Realmlist,,,,,,,,,,,
137,RPG Quest System,KevBal,SDK3,A basic quest and reward system with hud. New quest templates will come. Keep the link bookmarked for updates. Requires: UdonSharp and TextMeshPro,https://drive.google.com/drive/folders/1v7i2X2xMsiBJfsY4Wgrrfp0iFuaQzUbQ,12/4/2021 16:43:35,KevBal,,,,,,,,,,,
138,Skee-ball v1.3,Pyralix,2021.11.08.14.28,"A functional, accessible, and networked Skee-ball machine with a high score tracker, ball counter, score counter, reset button, and a ball booster if you need a little help on the ramp!",https://pyralix.booth.pm/items/3480169,11/30/2021 0:00:00,Pyralix,UdonSharp required,https://vrchat.com/home/launch?worldId=wrld_b8220748-bc69-440e-b8e3-83d8efaa5b69,,,,,,,,,
139,Minion Art liquid drink udon port,Minion Art / akalink,2021.09.30.16.18,A port of the Minion Art's Liquid drink CS file to UdonSharp and optimized to decrease update loop overhead. Does not include shader. https://www.patreon.com/posts/quick-game-art-18245226,https://drive.google.com/file/d/1eOTFDJjDi5f-YZ7_xHBjQvyd1o9kBgFi/view?usp=sharing,11/16/2021 1:47:03,akalink,,,,,,,,,,,
140,Dynamic Soundtrack Controller,KidKwazine,VRCSDK3-WORLD-2021.11.08.14.28 or higher,System that uses the recently exposed (+ much more precise) dspTime to schedule audio allowing for dynamic soundtracks that change musically in your VRChat/Udon worlds.,https://github.com/kid-kwazine/Udon-Dynamic-Soundtrack-Controller,11/12/2021 21:49:47,KidKwazine,Docs: https://github.com/kid-kwazine/Udon-Dynamic-Soundtrack-Controller/blob/8cf763de0a3b56e15ab699d9a819aadaaf8ca7b0/HTI%20DSC%20v1.0.0%20-%20Documentation.pdf,,,,,,,,,,
141,Deck of Cards,Vowgan,Udon | 2021-09-30,"Here is a deck of cards that you can use in your world! Place it down and you're ready to go. You can even add a ""Reset"" button that lets you reset the entire deck back to normal.",https://vowgan.booth.pm/items/3403129,11/2/2021 21:29:30,Vowgan,,https://vrchat.com/home/world/wrld_9aa4d67b-3a0e-41df-82d4-ed5805635afc,,,,,,,,,
142,NUSaveState,Nestorboy,2021.09.03.09.25,"NUSaveState is a prefab which allows world creators to save and load Udon data with the use of avatars. The scripts are built with both Udon Graph and Udon Sharp users in mind, and the system is also Quest compatible.",https://github.com/Nestorboy/NUSaveState,11/2/2021 0:21:24,Nestorboy,,https://vrchat.com/home/world/wrld_81647d88-e6ad-488e-b528-3c35cded36b6,,,,,,,,,
143,Thry's Beer Pong,Thryrallo,Udon,"Beer Pong with better ball and cup sync, different modes, multiple players and more",https://github.com/Thryrallo/UdonPrefabs/releases,10/31/2021 17:15:33,Thryrallo,,,,,,,,,,,
144,FaxFallDamage,Faxmashine,2021.09.03.09.25,"If players hit the ground too hard they go oof and die.
Is using the combat system, which is deprecated. Use at your own Risk.",https://drive.google.com/uc?export=download&id=16sCyf2Ffc62x-7QZSgCvf_1WhOzdiGVe,10/25/2021 3:11:34,Faxmashine,Created at 3 AM.,https://youtu.be/28xxuOKHJnM,,,,,,,,,
145,Interactable Objects,Karet,2021.09.30.16.18,"A series of scripts to drive interactable objects. Contains a hinge, drawer, dial, pushable button, and pushable slider.",https://github.com/swiveI/Interactable-Objects,10/15/2021 15:42:43,Karet,,https://vrchat.com/home/launch?worldId=wrld_1ab5609c-e6eb-493c-b226-d3b9a11347a8&instanceId=0,,,,,,,,,
146,Udon Airtime,Waai!,2021.08.04.15.07,"An expressive movement system for VRChat. Includes variable jump height, double jumping, wall riding, wall jumping, and rail grinding via an Udon-powered bÃ©zier curve implementation.",https://waai.booth.pm/items/3181478,10/15/2021 13:43:17,Waai!,,https://www.youtube.com/watch?v=wCuWJBoS0PQ,,,,,,,,,
147,"UI Options Panel prefab: Post-Processing, Music, Toggles using CyanTrigger",Fionna,SDK3,"This prefab allows you to control various options in your VRChat SDK3 world. You can control Post-Processing effects like Bloom and Brightness, Audio volume, and toggle various objects and effects, all using CyanTrigger.
The YouTube video is a tutorial explaining how to build and use this system.",https://fionna.booth.pm/items/3348254,10/13/2021 2:50:53,Fionna,,https://www.youtube.com/watch?v=PIFzRuDeK4M,,,,,,,,,
148,Spin the Bottle prefab using CyanTrigger,Fionna,SDK3,"This is a ""Spin The Bottle"" prefab using CyanTrigger. You can drop this prefab directly into your SDK3 world for VRChat. The YouTube tutorial demonstrates how to build this from scratch.",https://fionna.booth.pm/items/3348234,10/13/2021 2:50:07,Fionna,,https://www.youtube.com/watch?v=X6lFU7bi2MU,,,,,,,,,
149,Player Join/Leave Chime prefab for VRChat using CyanTrigger,Fionna,SDK3,"This prefab is a system that allows you to create a basic join/leave sound and toggle button for VRChat world, using CyanTrigger. The YouTube tutorial demonstrates how to build this from scratch. A great way to learn some of the basics of CyanTrigger!
- Variables
- IF/ELSE statements
- Using variables between different objects",https://fionna.booth.pm/items/3348216,10/13/2021 2:49:24,Fionna,,https://www.youtube.com/watch?v=Y_-hsqkoU04,,,,,,,,,
150,Master Detector,akalink,2021.08.11.15.16,"A gem that will always follow the master, useful for debugging during local testing",https://mcphersonsound.booth.pm/items/3347682,10/12/2021 5:34:54,akalink,,,,,,,,,,,
151,Light-weight global pickup,NEET ENGINEER,2021-09-30,Only sync position when pickup/drop based on bone transform to reduce networking.,https://neet-shop.booth.pm/items/2981343,10/8/2021 17:22:51,Tony_Lewis,,https://vrchat.com/home/world/wrld_02cb84c8-446a-484b-b52b-2c1777e55f8d,,,,,,,,,
152,Pseudo Animation Sync by Local Device Time,NEET ENGINEER,2021-09-30,Sync Animation between users based on time on their device.,https://neet-shop.booth.pm/items/3334984,10/8/2021 17:20:41,Tony_Lewis,Can check how it synced at preview world. (Used on Train/Bus/Signal),https://vrchat.com/home/world/wrld_02cb84c8-446a-484b-b52b-2c1777e55f8d,,,,,,,,,
153,SoccerBox,Joker is punk,2021.09.03.09.25,"Adds body colliders to players' avatars which allow them to kick, hit, and catch rigidbodies with their feet, knees, chest, and head. Includes a ball.",https://github.com/jokerIsPunk/soccerbox/releases/latest,9/29/2021 3:13:57,Joker is Punk,Requires Udon Sharp,https://www.youtube.com/watch?v=yVyQD8X_hWo,,,,,,,,,
154,Measurement Camera for Avatars,akalink,2021.08.11.15.16,A toggle on/off camera mirror that tracks your camera to help you measure it.,https://mcphersonsound.booth.pm/items/3311763,9/28/2021 1:24:32,akalink,,,,,,,,,,,
155,VRC CMD,MMMaellon,2021.09.03.09.25,Allows you to control your map through a terminal/console/command prompt. Comes with autocomplete and allows sending commands to other players which is super handy when testing multiplayer worlds by yourself. Inspired by Phasedragon's UdonShell that he made for Callous Row,https://drive.google.com/file/d/1nRnAqJRxP6MsE72WPoO-uK8Z7sDZqvs-/view?usp=sharing,9/25/2021 5:36:55,MMMaellon,,https://youtu.be/gMXXUxWFHMs,,,,,,,,,
156,Surf_Udon,IgbarVonSquid,SDK3,Prefab for making surf maps in VRChat,https://github.com/IgbarVonSquid/Surf_Udon,9/13/2021 14:39:09,IgbarVonSquid,,https://twitter.com/IgbarVonSquid/status/1432361073068453888,,,,,,,,,
157,Candle ebook reader,Clearly,SDK3,Candle is a tablet for reading books in virtual realityâ€¤ It looks and feels like a real Kindleâ€¤ Easy to publish books on and easy for people to read fromâ€¤ No coding experience required!,https://clearly.booth.pm/items/3258223,9/7/2021 23:02:12,Fionna,,https://vrchat.com/home/world/wrld_4d99b8ee-7872-43bc-9ae2-3c65020af241,,,,,,,,,
158,ProTV 2.3,ArchiTechAnon,2022.06.03.00.03 (U# 0.20.3/1.1.0),"A ready-made, full featured Multi-VideoPlayer management asset. Supports customizable plugins such as MediaControls, Playlists, Queues, 360 Skybox Video, VoteSkip, and AudioLink integration. Runs great with livestreams like VRCDN and on Quest.",https://gum.co/protv,8/26/2021 5:00:00,TechAnon,I offer free tech support for all my assets. Hit me up on my discord with any questions! https://discord.gg/7hdZsFtyxP,https://streamable.com/a0s4sg,,,,,,,,,
159,Distance Culling Mirrors,Superbstingray,2021.08.11.15.16,"Udon script that exposes additional options for mirrors giving the ability to set distance based culling for players, interactables and optionally all other existing layers.",https://github.com/Superbstingray/DistanceCullingMirrors,8/23/2021 0:39:58,Superbstingray,,,,,,,,,,,
160,Eatable Food with CyanTrigger,Fionna,SDK3,"Eatable Food prefab--pickups play a sound, particles, and disappear/respawn after colliding with the player's face. Uses CyanTrigger",https://fionna.booth.pm/items/3203358,8/17/2021 6:32:02,Fionna,Requires SDK3 and CyanTrigger,https://www.youtube.com/watch?v=eADLJnd4PMM,,,,,,,,,
161,AKSwitch,AoiKamishiro/ç¥žåŸŽã‚¢ã‚ªã‚¤,VRCSDK3-WORLD-2021.08.11.15.16_Public,"This is a switch gimmick for SDK3.
A single checkbox can be used to switch between local and global behavior.
VR users can operate the switch by physical contact, while desktop users can operate it by conventional interaction.
You can also switch the operation method at any time.",https://kamishirolab.booth.pm/items/3159633,8/16/2021 20:12:53,AoiKamishiro/ç¥žåŸŽã‚¢ã‚ªã‚¤,Readme https://github.com/AoiKamishiro/VRChatPrefabs/blob/master/Assets/00Kamishiro/AKSwitch/_Resources/Documents/AKSwitch-README_EN.md,,,,,,,,,,
162,Brokered Update and Sync,CNLohr,2021.08.04.15.07,"A highly optimized alternative to VRC Object Sync, also, provides facility to slow-update or optionally update objects to avoid perf issues when having hundreds or thousands of objects. You can have 1,000+ sync'd objects and still make a cool 144 FPS.",https://github.com/cnlohr/brokeredupdateandsync/releases,8/8/2021 7:43:29,CNLohr,,,,,,,,,,,
163,UdonPlatformHook,Superbstingray,2021.08.04.15.07,"Prefab that functions as a drag and drop solution for making players correctly follow any moving Platforms, Vehicles and GameObjects in your scene when standing on them. Makes players functionally behave as if they were parented to the game object they are standing on. Players will seamlessly move and teleport with colliders they stand on. Behavior can be enabled or disabled based on layers.",https://github.com/Superbstingray/UdonPlayerPlatformHook,8/8/2021 3:00:05,Superbstingray,,,,,,,,,,,
164,Smart Bottle Spin,Thryrallo,2021.07.13.13.39,A bottle spin prefab that spins smoothly for owner and remote clients. Furthermore it has a mode to target a random player in the vicinity of the bottle instead of a random angle.,https://github.com/Thryrallo/UdonPrefabs,8/2/2021 19:12:16,Thryrallo,Requires UdonSharp,,,,,,,,,,
165,Avatar Image Reader,"Miner28, GlitchyDev, BocuD",2021.06.03 or later,Decodes UTF16 strings from image data stored in avatar pedestals. Allows you to update text inside a world without updating the entire world.,https://github.com/Miner28/AvatarImageReader,8/1/2021 10:33:56,BocuD,UdonSharp required,https://vrchat.com/home/launch?worldId=wrld_b906fef2-9c90-463a-bb7b-23d187ccdffe&instanceId=0,,,,,,,,,
166,UserRealHeight,lox9973,2021.08.04.15.07,"Measure your ""User Real Height"" setting",https://gitlab.com/-/snippets/2153011,7/22/2021 21:20:33,lox9973,,,,,,,,,,,
167,MirrorCameraTracker,lox9973,2021.08.04.15.07,A camera tracker with correct IPD scale,https://gitlab.com/-/snippets/2152230,7/22/2021 20:03:33,lox9973,,,,,,,,,,,
168,Find Your Friends,Joker is punk,2021.06.03.14.57,"A UI panel that lets players scroll through the list of connected players and teleport to them. There's also a ""Hide me"" option.",https://github.com/jokerIsPunk/find-your-friends/releases/,7/21/2021 16:16:58,Joker is Punk,Uses either Udon Graph or Udon Sharp; U# is not required but is available.,https://i.imgur.com/LAk75Tl.png,,,,,,,,,
169,Attach-To-Me,bd_,3-Worlds,A system for dynamically attaching props to yourself or other players. Supports attaching to most humanoid bones.,https://github.com/bdunderscore/attach-to-me/releases,7/19/2021 2:12:29,bd_,Manual: https://bdunderscore.github.io/attach-to-me/,https://www.youtube.com/watch?v=bk6ayPyOjwQ,,,,,,,,,
170,Thunderstorm Prefab,BananaBread,SDK3,it's a prefab that create a thunderstorm with lights and sounds.,https://github.com/BananaBread291/Thunderstorm_Prefab,7/17/2021 21:54:25,BananaBread#7393,,https://vrch.at/richmond-erwinhazel-66ce6,,,,,,,,,
171,Easy Buttons,BananaBread,SDK3,"Easy Buttons is a prefab, that is made for people who aren't familiar with coding.",https://github.com/BananaBread291/EasyButtons,7/17/2021 21:51:39,BananaBread#7393,,https://vrch.at/general-gauduck-6cc87,,,,,,,,,
172,Toly's combat system,Toly65,SDK3,"A combat system that features multi segment hitboxes that track: head, torso and legs

Some prefabricated guns are included.

setup is as easy as dragging the combat system prefab into a map and dragging some guns into a map, anything more complex is up to you
guns are currently raycast only and come with variable damage, there is 2 example guns provided for reference",https://github.com/Toly65/UdonCombatSystem,7/17/2021 0:12:31,Toly65,,,,,,,,,,,
173,UdonSharp Day Night Cycle,Iconoclass,3,"This is a fork I made of a the day night cycle used in the autumn themed world. I used my own implementation in my world Serene Seaside, which is on the World Jam: Drawing row: https://vrchat.com/home/launch?worldId=wrld_8b709af3-4e49-4dec-9cbb-132b2234fe7f

My edit adds a step-by-step readme, comments to the code and an UdonToolkit custom inspector to make it more clear on how to implement.",https://github.com/Iconoclass/UdonSharpDayNightController,7/11/2021 3:02:36,Fionna,,https://vrchat.com/home/launch?worldId=wrld_8b709af3-4e49-4dec-9cbb-132b2234fe7f,,,,,,,,,
174,Udon Catmull-Rom Splines,BocuD#8400,3,A simple spline system that works with Udon. Contains an example script to make an object follow a spline.,https://github.com/BocuD/Udon-Catmull-Rom-Splines,7/11/2021 2:57:10,Fionna,,,,,,,,,,,
175,Nihongo Board,YukimuraKyoko,2021.08.04.15.07,"All-In-One Japanese flashcards for Hiragana, Katakana, Kanji, Grammar, and Vocabulary! All JLPT N levels included.",https://drive.google.com/file/d/1Vlt5ggT4cu19fAS2gyE8kkBehsjmVvl6/view?usp=sharing,7/10/2021 5:38:29,Kyoko#9963,UdonSharp Required,https://twitter.com/Yukimura_Kyoko/status/1413703974033629187?s=20,,,,,,,,,
176,AAChair,Aoi Kamishiro,2021.06.03.14.57 or newer,A chair that automatically adjusts the seating position.,https://kamishirolab.booth.pm/items/3052333,7/9/2021 7:50:31,Aoi Kamishiro,"The repository is now available on Github.
https://github.com/AoiKamishiro/VRC_UdonPrefabs",,,,,,,,,,
177,VRCMarker,z3y,VRCSDK3-WORLD-2021.06.03.14.57,Optimized pens using udon manual sync and only one ink material,https://github.com/z3y/vertex-color-pens,7/6/2021 17:43:39,z3y,,https://i.imgur.com/CvJOy5f.png,,,,,,,,,
178,CineCam,Rollthered,2021.6.3.14.57,"Running an event in VRChat but don't want to setup a camera system? 

Introducing CineCam! A CineMachine driven camera made with Udon 

I created a prefab that lets you do this with minimal setup! (Cyan Triggers is required for this to work)",https://rollthered.booth.pm/items/3092308,7/1/2021 21:31:27,Rollthered,This requires CyanTriggers in your project before import!! CyanTriggers is not included with this prefab!,,,,,,,,,,
179,VRoomba v2,Vowgan,2021.06.03.14.57,"A VRoomba friend for your home! Now with increased mobility, vocals, and weapons!",https://vowgan.booth.pm/items/3085036,6/30/2021 18:55:25,Vowgan,,https://youtu.be/GVwbh4GysIE,,,,,,,,,
180,Udon Dial,_pi_,SDK3,Local Dial input with smooth VR turning and desktop fallback. Great for mirror toggles.,https://github.com/PiMaker/VRChatUnityThings#dial,6/30/2021 18:37:24,_pi_,,,,,,,,,,,
181,Synced Shuffle Music Player,_pi_,SDK3,"Music player based on URLs with full sync (everyone hears the same song at the same time), auto-shuffle and song preloading.",https://github.com/PiMaker/VRChatUnityThings#music-player,6/30/2021 18:36:16,_pi_,,,,,,,,,,,
182,Player List with Local Time,_pi_,SDK3,A synced player list that displays each player's local time and how long they've been in the instance. Full late-joiner support.,https://github.com/PiMaker/VRChatUnityThings#player-list,6/30/2021 18:34:12,_pi_,,,,,,,,,,,
183,DynamicRunning VR (aka DRVR),Dinky,2021.06.03.14.57,Allows VR users to physically swing their arms to go faster. Comes with a set of buttons to toggle the prefab and its components at runtime.,https://drive.google.com/file/d/1As5VnUMQiQ9P4gcBNxMaVyEdlHBlB4t1/view?usp=sharing,6/26/2021 10:21:50,Dinky,,,,,,,,,,,
184,Skipping Stones,Joker is punk,2021.06.03.14.57,Stones that skip on the surface of water when thrown.,https://github.com/jokerIsPunk/skipping-stones/releases,6/22/2021 21:37:51,Joker is Punk,Made with graphs!,https://www.youtube.com/watch?v=QuvZ46fEn8M,,,,,,,,,
185,Daily Japanese,YukimuraKyoko,2021.08.04.15.07,"""Learning Japanese Daily in Home World""

A UI panel(s) that shows different Japanese daily content based on the provided local database attached!

This prefab database includes all of Hiragana/Katakana, and also all ""Kanji, Vocabulary, and Grammar"" content from the universal JLPT tests.
Every time the world is loaded, random elements from the database is called and displayed on the UI(s) just like random flashcards.

The prefab can switch and toggle between: Hiragana, Katakana, Kanji (All N levels), Grammar (All N levels), and Vocabulary (All N levels)",https://drive.google.com/file/d/1A7tNlmh0vt_mbxHrUzQaiTqou0kqeWUL/view?usp=sharing,6/8/2021 10:39:21,kyoko#9963,UdonSharp Required,https://twitter.com/Yukimura_Kyoko/status/1402183349834182658?s=20,,,,,,,,,
186,Udon Analog Clock,akalink,2021.05.21.12.13,Simple to set up working clock with blender and texture files for easy customization. Set up is as easy as drag and drop. Will not work with very old versions of Udon.,https://mcphersonsound.booth.pm/items/3017500,6/3/2021 7:54:11,akalink,,,,,,,,,,,
187,Join Notification System,M.O.O.N.,SDK 3,Notifier for join/leave,https://github.com/moonvrc/JoinNotificationSystem/releases/tag/1.0.0,5/25/2021 2:08:58,Fionna,,,,,,,,,,,
188,SimpleAI,Centauri,2021.05.21.12.13,"SimpleAI is a set of AI prefabs that are useful to have in any project! It is meant to be used on its own, or alongside the tutorial released as part of TLX!",https://github.com/Centauri2442/SimpleAI,5/24/2021 11:36:56,Centauri,Latest SDK3 and Udonsharp needed!,,,,,,,,,,
189,VRCBilliards: Community Edition,"Hannah ""FairlySadPanda"" Dawson",2021.05.17.12.52,A gigantic overhaul of the original 8Ball prefab. 4 types of pool for 1-4 players!,https://github.com/VRCBilliards/vrcbce/releases,5/18/2021 1:58:37,"Hannah ""FairlySadPanda"" Dawson",This is a legally distinct prefab from the ht8b 8ball prefab.,,,,,,,,,,
190,Liquid Pouring,Dastmann,SDK3,UDON Liquid Pouring system for VRChat by Dastmann. Mixing colorsâ€š accurate spillingâ€š accurate volumeâ€š it has it allÇƒ,https://github.com/Dastmann/UDON-Liquid-Pouring-for-VRChat,5/12/2021 23:33:54,Fionna,,https://vrchat.com/home/launch?worldId=wrld_c578d49b-c7c1-4424-8e77-fff182f13c6e,,,,,,,,,
191,ToggUltima,DrakenStark,SDK3,"An UdonSharp toggle script with optional components built to minimize world development workload and also provide a wide variety of functionality. Give your interactive objects an Action script and fly from there!

- Toggle multiple objects at once with a single interactive object in a variety of ways. Decorate your mirror walls and temporarily disable the decorations while the mirror is enabled.
- List all your mirrors or other objects in one script and have them automatically disabled when not in use! No need to manage the same list multiple times across all your interactive objects to protect everyone's framerates.
- Sync your toggles together with ease (Drag toggle scripts into an array and done!) and with minimal network traffic (One variable is used to sync together all the toggle scripts you put in it!).
- Reserve your interactive objects with a bouncer script that allows you to have a list of who you want and don't want to be able to use them.
- Feel free to use multiple sets of these scripts for any number of separate systems within your worlds! One sync script can still be used for all of them if desired!

Please feel free to get a hold of me Twitter and Telegram @DrakenStark or Discord @Draken Stark#2888 with any feedback or questions.",https://github.com/DrakenStark/ToggUltima/releases,5/12/2021 7:43:46,Draken Stark,Rebuilt from the ground up from my previous script OnlyOneGroupToggle. Just use the ToggUltima Action script if it's all you needed and wish to update to this latest version.,https://vrchat.com/home/world/wrld_3e299607-c3f0-45eb-ab37-de561104c969,,,,,,,,,
192,Udon Jetpack,Synqark & Ostinyo,SDK3,Synqark's jetpack prefab ported into Udon. Includes synced & local versions.,https://drive.google.com/file/d/13-9lZLsCEo4vjxGgytKPuSsHEYlCfOxK/view?usp=sharing,5/6/2021 22:10:17,Ostinyo,Requires UdonSharp,,,,,,,,,,
193,Audio Source Config Card,Texelsaur,2021.03.22.18.27,Small cards that you can carry around and use to view or change several Audio Source parameters.,https://drive.google.com/file/d/1-k1WnEVVf2pYU_AaVhSyKofXJtSSk9Xe/view?usp=sharing,4/7/2021 7:24:13,Texelsaur#1795,Requires UdonSharp,https://drive.google.com/file/d/1F361YKXOZzAluAdL9SaCkmIBpaTp5m-P/view?usp=sharing,,,,,,,,,
194,USharp Video,Merlin,SDK3,A basic video player made for VRChat using Udon and UdonSharp. Supports normal videos and live streams.,https://github.com/MerlinVR/USharpVideo,4/5/2021 23:27:35,Fionna,,,,,,,,,,,
195,UdonSharp,Merlin,SDK3,An experimental compiler for compiling C# to Udon assembly,https://github.com/MerlinVR/UdonSharp,4/5/2021 22:31:52,Fionna,,,,,,,,,,,
196,Udon AudioLink,llealloo,3,"Audio reactive prefabs for VRChat. Realtime audio reactive lights, moving objects, shaders, and export audio reactive data to avatars.",https://github.com/llealloo/vrc-udon-audio-link,4/5/2021 0:51:45,llealloo,Requires UdonSharp,,,,,,,,,,
197,Better Player Audio,Guribo,Udon (SDK3),Microphone and player audio occlusion,https://github.com/Guribo/BetterAudio/releases,4/3/2021 18:06:16,akalink,,https://twitter.com/GuriboVR/status/1371191149742940164,,,,,,,,,
198,Player Chimes,Child of the Beast,2021.03.09.13.57,player Join and Leave bells,https://github.com/VrcUdon/PlayerChimes,3/28/2021 19:32:14,Child of the Beast,,,,,,,,,,,
199,Udon Conway's game of life Board Game,TWKTemplar,"SDK3, 2020.11.16.12.43",Conway's game of life mini Board game,https://twktemplar.booth.pm/items/2844574,3/24/2021 17:47:53,TWKTemplar#5881,Needs UdonSharp imported first,https://www.youtube.com/watch?v=bqD3jPxtLbI,,,,,,,,,
200,Global Render Texture for Udon,Lyuma,SDK3,"Similar to RenderTexture .SetGlobalShaderProperty from SDK2, allows you to put any render texture into a hardcoded named texture slot. Use for data or textures you want to expose to avatar shaders designed to interact with your world (such as DateTime for a watch)",https://drive.google.com/drive/folders/1NMwILuX1P_Prb3CTPEcU6_XQhWzb96ZO,3/22/2021 20:50:55,Lyuma,,,,,,,,,,,
201,OpenBlocks Elevator,Vowgan/OpenBlocks,2021.03.09.13.57,"The OpenBlocks Minecraft mod's Elevator system, but in VRChat since it's open-source!",https://vowgan.booth.pm/items/2835312,3/20/2021 19:05:22,Vowgan,,,,,,,,,,,
202,Wearable Hat,Ostinyo,VRCSDK3-WORLD-2021.03.09.13.57_Public,"Wearable hat that you can put on yourself and friends! Use the trigger when it's
near someone's head to place it.",https://drive.google.com/file/d/1rhK2xi3hK18nocsatepPvmppb5N_xdeZ/view?usp=sharing,3/16/2021 2:56:51,Ostinyo,Requires UdonSharp,,,,,,,,,,
203,Sacc's Flight and Vehicles,Sacchan,2021.11.08.14.28,"Customizable vehicles, airplane, helicopter, hoverbike, boat",https://github.com/Sacchan-VRC/SaccFlightAndVehicles/releases,3/13/2021 17:33:12,Sacchan,,https://twitter.com/Sacchan_VRC/status/1459661623472398337,,,,,,,,,
204,Obj Sequencer,Vowgan,2021.02.23.11.40,"Obj Sequencer is a VRChat UdonSharp Prefab for playing ""Obj Sequences"" from Blender or other programs. Essentially, you give this prefab an array of Models and it will rapidly replace its Mesh in order of that list to play through an animation.",https://vowgan.booth.pm/items/2784370,2/27/2021 19:22:42,Vowgan,,https://youtu.be/NgXzNyxzeDk,,,,,,,,,
205,SAO Menu,Thryrallo,2021.01.28.19.07,A world menu in the style of sword art online. The menu opens and closes reacting to hand gestures.,https://github.com/Thryrallo/UdonPrefabs,2/21/2021 20:19:24,Thryrallo,,https://twitter.com/thryrallo/status/1250440677852246016,,,,,,,,,
206,Udon# Basic Player Admin,Jazzy348,SDK3,A basic Udon# script to spawn objects for a specific list of users at runtime,https://github.com/jazzy348/VRChat_Udon_Admin/archive/main.zip,2/10/2021 0:52:56,Jazzy348,,,,,,,,,,,
207,Material Swapper,Vowgan,2021.01.28.19.07,"This allows you to cycle through a specific material on models that have more than one. In the demo, it cycles between three materials used for a picture frame. Best used for multi-page instructional images.",https://github.com/Vowgan/MaterialSwapper,2/5/2021 21:36:05,Vowgan,,https://i.gyazo.com/1aafd97157613f5f8c644d1cca18a61c.mp4,,,,,,,,,
208,SyncAudioPlayer,OhGeezCmon,VRCSDK3-WORLD-2020.12.09.04.44_Public,"Allows you to create a playlist of audio files stored in your Unity Project (ogg, mp3, etc) and sync them to all clients of a world. Used in any situation where all clients should hear the same soundtrack at the same time. Does not support audio streams at this time, only local audio.",https://github.com/OhGeezCmon/VRC-SyncAudioPlayer,1/25/2021 2:49:35,OhGeezCmon,,,,,,,,,,,
209,Yodokoro-chan's Touch me controller,Yodokoro-chan,2020.12.09.04.44_Public,"When you touch another player's avatar, your controller vibrates according to the speed.",https://yodokoro.booth.pm/items/2696737,1/24/2021 14:52:57,Yodokoro-chan,"If you found mistranslation in English manual, please tell me on twitter or contact form.",https://vrchat.com/home/world/wrld_a3253073-2d3a-4c7e-ac1b-dc8f02ea385d,,,,,,,,,
210,Collider mover with haptic slider(é«˜ã•ç„¡æ®µéšŽèª¿æ•´ã‚³ãƒ©ã‚¤ãƒ€ãƒ¼),Yodokoro-chan,VRCSDK3-WORLD-2020.12.09.04.44,Height adjustable collider with haptic feedbacking slider.,https://yodokoro.booth.pm/items/2692031,1/21/2021 16:53:00,Yodokoro-chan,"If you found mistranslations in English manual, please tell me on twitter or contact form.",https://vrchat.com/home/world/wrld_a3253073-2d3a-4c7e-ac1b-dc8f02ea385d,,,,,,,,,
211,Simple UDON Gimmicks Pack,74-south,2020.11.16.12.43_Public or later,Some of standard gimmicks which may used on worlds.,https://booth.pm/en/items/2218271,12/20/2020 22:09:29,Tony_Lewis,,https://vrchat.com/home/launch?worldId=wrld_fec16637-db03-4c23-b4fe-3d14ded5a3f5,,,,,,,,,
212,VRC_StarterKit (SDK3),ã‚‹ãƒ¼ã«ã‚ƒ,2020.11.16.12.43_Public or later,Pack of general asset to use for UDON#,https://gitlab.com/xlwnya/vrc_starterkit/-/releases,12/20/2020 22:09:27,Tony_Lewis,,https://www.vrchat.com/home/world/wrld_b7384ed8-47a8-4da5-8c88-4d5debf149c9,,,,,,,,,
213,Udon Calibrating Chairs,Superbstingray,2020.11.30.20.04,VRCStation Chairs that adjust their enter point to align avatars to a better sitting position by aligning the avatars knee position to a target transform.,https://github.com/Superbstingray/UdonCalibratingChairs,12/11/2020 23:06:25,Superbstingray,,https://i.imgur.com/3ssxUqs.png,,,,,,,,,
214,UdonToolkit,orels1,3,A collection of UdonBehaviours to speed up your world development,https://github.com/orels1/UdonToolkit,11/28/2020 23:27:05,orels1,UdonToolkit also includes a lot of editor Attributes to help you build custom inspectors!,,,,,,,,,,
215,Video Render Texture,lox9973,2020.10.28.15.57,Output video player into a render texture without using camera,https://drive.google.com/file/d/1XQBybXg2D87AueLI87UuujA3jDN4fU33/view?usp=sharing,11/28/2020 8:51:09,lox9973,,,,,,,,,,,
216,Spinner Prefab,FireTik,2020.10.28.15.57,"Requires Udon Sharp. A remake of the spin the bottle prefab made by fionna, but for udon and with a pointer arrow.",https://1drv.ms/u/s!AhB_DOUEbIssheQhsozOm6eOg-08hw?e=2iIjnU,11/22/2020 21:26:55,FireTik,,,,,,,,,,,
217,Yodokoro-chan Haptic Controller,Yodokoro-chan,2020.09.15.11.25,Models and U# scripts for creating switches and sliders with haptic feedback(controller vibration).,https://yodokoro.booth.pm/items/2458051,11/21/2020 4:36:50,Yodokoro-chan,"If you found mistranslations in English manual, please tell me on twitter or contact form.",https://vrchat.com/home/world/wrld_34d4e402-1247-41d5-97cb-931f74fb40ce,,,,,,,,,
218,Bolt Action Interact Able,Black Lilith,Worlds 3.4.1,"System allow VR player to interact with the bolt of the weapon. Be aware, it's still buggy but feel free to use for research purpose.",https://drive.google.com/file/d/1a680lgUuSq2H6qyXYAOTlL-6NaE_rhXy/view?usp=drive_link,11/16/2020 4:06:33,Black Lilith,,,,,,,,,,,
219,Vending Machine,Karet,2020.10.27.15.57,Working soda vending machine,https://drive.google.com/file/d/1AK2Xf1KlbN8Za-OAa1iaRRVWy2mcj8Zd/view?usp=sharing,11/2/2020 14:46:12,Karet,,,,,,,,,,,
220,Simple Object Pool,Phasedragon,2020.09.25.00.08,An object pool that assigns a new unique object to every player in the instance. Requires Udonsharp.,https://drive.google.com/file/d/16SYuHlhYTQV_hszwqy_OYgou1aFTFDC1/view?usp=sharing,10/16/2020 14:21:49,Phasedragon,,,,,,,,,,,
221,Conversation System,MMMaellon,2020.08.01.18.18,"Converts fountain scripts (film script not code script) into Udon Behaviours that can type out the lines in a dialog box like a classic RPG game. Lines are assigned to the speaker speaking them, and if the player controls that speaker they get to choose dialog options. There are controls for making certain dialog paths conditional and for triggering sounds and animations and changing the timings of everything and all that. There's also an untested feature that lets you interrupt a conversation with a second conversation, and then go back to that first conversation after the interruption. Conversations are synced but be warned this system generates an Udon Behaviour for every line that's spoken and makes the world take longer to load when you get a couple hundred lines.",https://drive.google.com/file/d/18Yky8xmL6HSBb5qo2JQcJVYcH7ONsUfy/view?usp=sharing,9/6/2020 7:17:24,MMMaellon,"I got a world with an old version of this system, but it should show off the basics. Codebase is here: https://gitlab.com/MMMaellon/vr-conversations/",https://youtu.be/1HnhzqFeo_E,,,,,,,,,
222,Digital Clock,Magic Monkey,VRCSDK3-WORLD-2020.08.07.18.18_Public,Local Realtime,https://www.dropbox.com/s/jny0kkguphd1bqj/Digital%20Clock.unitypackage?dl=0,8/18/2020 11:24:32,Magic Monkey,Udon Sharp Required,,,,,,,,,,
223,Codenames,MMMaellon,2020.05.06.12.14,The card game Codenames with custom word banks and animations,https://drive.google.com/file/d/1YH9P6HQTcyoJQ02I2L58K0JXGgC0lhMv/view?usp=sharing,8/15/2020 21:35:21,MMMaellon,,https://vrchat.com/home/world/wrld_cfb752bc-c030-43d5-9da5-eeebbc44b21f,,,,,,,,,
224,Jetdogs-Prefabs-Udon,jetdog8808,SDK3,A compilation of prefabs and other useful items for vrchat users.,https://github.com/jetdog8808/Jetdogs-Prefabs-Udon,7/25/2020 19:17:29,jetdog8808,https://ask.vrchat.com/t/jetdogs-prefabs/2285,https://vrchat.com/home/world/wrld_d6ff887c-c206-49a4-a9f9-4bc778bc5c6c,,,,,,,,,
225,akalink's Udon Audio Prefabs,akalink,2020..5.06.12.14,Various Audio Integration related prefabs.,https://github.com/akalink/akalink-s-udon-audio-prefabs,7/21/2020 2:31:38,akalink,,,,,,,,,,,
226,Blink Key Pad,m0harry,2020.05.06.12.14,A Simple Udon keypad that has a blink effect to it,https://drive.google.com/file/d/1CZLu_Yx7kuKnggZsybSn7vBC3ID1rOic/view?usp=sharing,7/2/2020 20:01:39,m0harry#3132,,,,,,,,,,,
227,SilVR 4D Chess,Blake447 (SilVR),VRCSDK3-WORLD-2020.12.09.04.44,A 4D chess board made with Udon Sharp. Includes board prefab and a tutorial sequence to learn the basics of the game,https://github.com/Blake447/4D-Chess-VRC,6/12/2020 1:57:12,Blake447 (SilVR),Requires UdonSharp,https://imgur.com/a/NVoyRDY,,,,,,,,,
228,Udon Tether,Waai!,2020.05.06.12.14,"Grapple prefab that allows proper swinging motions, instead of pulling towards a point, and can also pull small objects",https://github.com/squiddingme/UdonTether,6/8/2020 18:54:53,Waai!,Requires UdonSharp,https://www.youtube.com/watch?v=h9a5vj0PBxQ,,,,,,,,,
229,UdonZip,Foorack,2020.05.12,ZIP extraction API for Udon,https://github.com/Foorack/UdonZip/releases,6/1/2020 12:59:52,Foorack,,,,,,,,,,,
230,BeerPong,Child of the Beast,2020.04.17.11.34,Beerpong with 2 sets of cups,https://github.com/VrcUdon/Udon/tree/master/Games/Beerpong,4/25/2020 3:31:25,Beast,,,,,,,,,,,
231,VRC Physical Interaction,kova,2020.04.17.11.43,Physical buttons for VRChat worlds that you can toggle with your hands.,https://bitbucket.org/akovaloid/vrc-physical-interaction/downloads/,4/21/2020 14:04:21,1,Needs UdonSharp imported first.,https://twitter.com/kovaloid/status/1252389824234831878,,,,,,,,,
232,Udon Walkable Vehicle,Reimajo,2020.04.17.11.43,A vehicle that 'changes' the player position reference as if the vehicle would be the world space when the player is inside the vehicle allowing the player to move with and walk within the moving vehicle. (Needs UdonSharp),https://drive.google.com/drive/u/7/folders/1LbvWpol5gI0V1WSRG8cGGa1tbszvUBnH,4/19/2020 19:46:57,Adi.,Needs UdonSharp before importing asset: https://github.com/Merlin-san/UdonSharp,https://drive.google.com/file/d/1VnwuqwKZJWbZ13STkc2zb2smhMo2FOhM/view,,,,,,,,,
233,Kurotori Udon Kart System,kurotori4423,2020.04.17.11.43,"Kart system that can be handled by a motion controller. Including: Sample scene, Kart 3D model, Desktop mode, Seat position adjustments, Visual synchronization, Oculus Quest Support, Time attack system",https://github.com/kurotori4423/KurotoriUdonKart,4/18/2020 17:23:47,naqtn,,https://twitter.com/kurotori4423/status/1251437282478845954,,,,,,,,,
234,UdonXML,Foorack,2020.01.14,UdonXML is an XML parser written in Udon for VRChat!,https://github.com/Foorack/UdonXML,4/11/2020 23:32:07,Foorack,,,,,,,,,,,
235,Neo-Flight,peptron1,2020.01.14.10.40,"simple flying system, you hold down triggers and flap your arms to fly",https://drive.google.com/open?id=1Sg2ZZoXroh2NUeVbeZHbiWNLQ_DF_laV,2/2/2020 9:41:36,peptron1#6879,"this was done at 4am, I have made unwise decisions",I should make a twitter post and put it here at some point,,,,,,,,,
236,TimerQueue V1.1,CyanLaser,2020.04.17.11.34,Updated for UdonSharp. This is an automated timer or delay system. You can provide it any number of custom events with delays and it will properly call all of them after the delay.,https://www.dropbox.com/s/ov17wu8p76x9r2r/UdonTimerQueueV1.0.unitypackage?dl=0,1/20/2020 9:58:33,CyanLaser#4695,Needs UdonSharp imported first.,,,,,,,,,,
237,Udon Checkpoints,TwoDukes,2019.12.21.16.01,Simple player checkpoint system designed for challenge maps.,https://drive.google.com/open?id=1M14bpjCH-v-HOACDBn_fcbi-E8nF_sGc,1/13/2020 8:01:02,TwoDukes,,https://imgur.com/3wN2ixY,,,,,,,,,
238,Udon Raycast,Phasedragon,2019.12.21.16.01,Simple Udon-based raycast that puts an object at the hit location of the raycast.,https://drive.google.com/file/d/1FESIKAAnrD8D2j1leZlNt_L-F8e2JvpW/view?usp=sharing,1/13/2020 7:49:04,Phasedragon,,,,,,,,,,,
239,Udon-SHA256 hash algorithm,Foorack,2019.12.22.12.32,SHA256 hash algorithm Udon library,https://blog.foorack.com/sha256-hash-algorithm-in-udon-vrchat/,1/12/2020 14:25:57,Foorack,,https://imgur.com/a/iOWAt4E,,,,,,,,,
240,Udon Keypad Terminal,Foorack,2019.12.22.12.32,"Easy-to-use Keypad terminal, configurable door object and/or action scripts, reset button and input indicator display.",https://blog.foorack.com/keypad-prefab-in-udon-for-vrchat/,1/9/2020 2:13:34,Foorack,,https://i.imgur.com/Woom41M.png,,,,,,,,,
